{
    "n_episodes": 50000,
    "skip": 10,
    "y0": [100000, 100000, 0, 0, 1],
    "actual_params": [1, 0.00048776, 0.00006845928, 1.1, 0.00000694382, 0.00006845928, -0.01, -0.02, 0.01, -0.01],
    "input_bounds": [0.01, 1],
    "n_controlled_inputs": 3,
    "num_inputs": 10,
    "dt":0.00005,
    "lb":[0.5, 0.0001, 0.00001, 0.5, 0.000001, 0.00001],
    "ub":[2, 0.001, 0.0001,2 , 0.00001,0.001],
    "N_control_intervals":10,
    "control_interval_time":2,
    "n_observed_variables":2,
    "prior":false,
    "normaliser":[1e3, 1e3, 1e1]
}

